Algorithm;Input;Solution;Time
greedy;1;3.0;6.923076923076923e-07
greedy;1000;6866.0;7.823076923076923e-05
greedy;10000;19788.0;0.0009422307692307692
greedy;100000;43266.0;0.009988153846153848
greedy;101000;43290.0;0.009855153846153849
greedy;102000;43101.0;0.010349923076923074
greedy;103000;43235.0;0.010382076923076923
greedy;104000;42793.0;0.010366230769230768
greedy;105000;43321.0;0.010372461538461537
greedy;106000;43470.0;0.010623923076923076
greedy;107000;43029.0;0.010729230769230769
greedy;108000;43264.0;0.010862384615384616
greedy;109000;43481.0;0.011010692307692306
greedy;11000;20900.0;0.001027076923076923
greedy;110000;43541.0;0.011143538461538462
greedy;111000;43606.0;0.011138076923076924
greedy;112000;43242.0;0.011214307692307692
greedy;113000;43695.0;0.011657923076923076
greedy;114000;43163.0;0.011622000000000002
greedy;115000;44013.0;0.01174123076923077
greedy;116000;43951.0;0.011877692307692308
greedy;117000;43876.0;0.011835615384615385
greedy;118000;44435.0;0.011866538461538463
greedy;119000;43802.0;0.011872692307692306
greedy;12000;21659.0;0.0011472307692307693
greedy;120000;44316.0;0.012199153846153844
greedy;121000;44391.0;0.01229323076923077
greedy;122000;44244.0;0.012305
greedy;123000;43763.0;0.012631923076923079
greedy;124000;44721.0;0.012683769230769231
greedy;125000;44436.0;0.012649076923076923
greedy;126000;44508.0;0.012751846153846154
greedy;127000;44270.0;0.012815846153846153
greedy;128000;44367.0;0.012929307692307693
greedy;129000;44928.0;0.012970615384615384
greedy;13000;21560.0;0.0012625384615384616
greedy;130000;44726.0;0.01338592307692308
greedy;131000;44290.0;0.01327546153846154
greedy;132000;44761.0;0.013575076923076924
greedy;133000;44674.0;0.013568230769230768
greedy;134000;44815.0;0.013695615384615386
greedy;135000;45067.0;0.014138461538461537
greedy;136000;44905.0;0.014120307692307692
greedy;137000;44872.0;0.01406376923076923
greedy;138000;45017.0;0.01418253846153846
greedy;139000;44890.0;0.014661846153846154
greedy;14000;22692.0;0.001384692307692308
greedy;140000;44922.0;0.014465230769230768
greedy;141000;45243.0;0.014429230769230769
greedy;142000;45033.0;0.014724153846153847
greedy;143000;44743.0;0.014717461538461539
greedy;144000;45286.0;0.014842615384615383
greedy;145000;45336.0;0.015276076923076922
greedy;146000;45356.0;0.015393692307692306
greedy;147000;45115.0;0.015096615384615385
greedy;148000;45590.0;0.01516
greedy;149000;45601.0;0.015376692307692306
greedy;15000;23865.0;0.0014111538461538463
greedy;150000;45645.0;0.015667538461538462
greedy;151000;45462.0;0.015891384615384616
greedy;152000;45335.0;0.016017307692307692
greedy;153000;45274.0;0.016499153846153844
greedy;154000;45156.0;0.016196923076923078
greedy;155000;45561.0;0.01656153846153846
greedy;156000;45606.0;0.01658823076923077
greedy;157000;45630.0;0.01631876923076923
greedy;158000;45765.0;0.016619307692307694
greedy;159000;45924.0;0.016800692307692305
greedy;16000;23951.0;0.0016124615384615385
greedy;160000;45409.0;0.017141846153846153
greedy;161000;45792.0;0.017277384615384615
greedy;162000;45845.0;0.01677723076923077
greedy;163000;46006.0;0.01717523076923077
greedy;164000;45789.0;0.016873923076923078
greedy;165000;45990.0;0.01769969230769231
greedy;166000;45591.0;0.017941153846153843
greedy;167000;45829.0;0.017870307692307692
greedy;168000;45911.0;0.017854307692307694
greedy;169000;46071.0;0.01786592307692307
greedy;17000;25125.0;0.0016383846153846156
greedy;170000;45973.0;0.018325846153846158
greedy;171000;45933.0;0.018256692307692307
greedy;172000;45883.0;0.018821538461538462
greedy;173000;46003.0;0.01834084615384615
greedy;174000;46139.0;0.018668153846153848
greedy;175000;45870.0;0.018611615384615386
greedy;176000;46078.0;0.018880461538461537
greedy;177000;46341.0;0.01891792307692308
greedy;178000;46083.0;0.019641153846153843
greedy;179000;46043.0;0.019312846153846153
greedy;18000;24456.0;0.0017372307692307696
greedy;180000;46220.0;0.019271
greedy;181000;46303.0;0.019821923076923077
greedy;182000;46228.0;0.019726769230769232
greedy;183000;46119.0;0.020678461538461538
greedy;184000;46313.0;0.01997807692307692
greedy;185000;46564.0;0.020572692307692306
greedy;186000;46643.0;0.020469153846153845
greedy;187000;46524.0;0.020752153846153844
greedy;188000;46347.0;0.02072884615384615
greedy;189000;46418.0;0.021008307692307694
greedy;19000;25737.0;0.002002923076923077
greedy;190000;46528.0;0.02048553846153846
greedy;191000;46442.0;0.020969076923076924
greedy;192000;46560.0;0.021674923076923078
greedy;193000;46259.0;0.021785230769230772
greedy;194000;46362.0;0.02142569230769231
greedy;195000;46455.0;0.021814076923076926
greedy;196000;46418.0;0.021551769230769232
greedy;197000;46315.0;0.021928615384615383
greedy;198000;46626.0;0.022010230769230768
greedy;199000;46641.0;0.02221884615384615
greedy;2000;9880.0;0.00016846153846153847
greedy;20000;26018.0;0.0019884615384615383
greedy;21000;27492.0;0.002315923076923077
greedy;22000;26887.0;0.002118
greedy;23000;27385.0;0.0022842307692307697
greedy;24000;27670.0;0.0023456923076923077
greedy;25000;28154.0;0.002480307692307692
greedy;26000;29251.0;0.0025380000000000003
greedy;27000;29411.0;0.002687923076923077
greedy;28000;29639.0;0.0031876923076923076
greedy;29000;29986.0;0.002863923076923077
greedy;3000;11857.0;0.00026046153846153846
greedy;30000;29623.0;0.0029938461538461534
greedy;31000;30525.0;0.003060153846153846
greedy;32000;30783.0;0.003179153846153847
greedy;33000;31024.0;0.003255153846153846
greedy;34000;31905.0;0.0034346923076923074
greedy;35000;30907.0;0.003525769230769231
greedy;36000;32211.0;0.003670846153846154
greedy;37000;32294.0;0.003894
greedy;38000;32412.0;0.0037448461538461537
greedy;39000;32623.0;0.003907846153846154
greedy;4000;13493.0;0.000347
greedy;40000;33082.0;0.004021692307692308
greedy;41000;32986.0;0.004217692307692309
greedy;42000;33483.0;0.004071153846153846
greedy;43000;34210.0;0.00437776923076923
greedy;44000;34036.0;0.0047197692307692305
greedy;45000;34749.0;0.005929769230769232
greedy;46000;33709.0;0.00468046153846154
greedy;47000;34319.0;0.004937846153846154
greedy;48000;34908.0;0.005164
greedy;49000;35260.0;0.005105999999999999
greedy;5000;14135.0;0.00045392307692307697
greedy;50000;35735.0;0.005173538461538461
greedy;51000;35553.0;0.005345384615384615
greedy;52000;36139.0;0.005964923076923076
greedy;53000;36390.0;0.005407769230769231
greedy;54000;36941.0;0.005707769230769231
greedy;55000;36443.0;0.005774538461538461
greedy;56000;36113.0;0.005767307692307691
greedy;57000;37050.0;0.006225846153846153
greedy;58000;37218.0;0.006144538461538461
greedy;59000;37875.0;0.006337769230769231
greedy;6000;16461.0;0.000549
greedy;60000;38159.0;0.0063244615384615375
greedy;61000;38413.0;0.006304846153846155
greedy;62000;37988.0;0.0063999230769230765
greedy;63000;38260.0;0.006694999999999999
greedy;64000;38413.0;0.006515692307692307
greedy;65000;37987.0;0.006883153846153846
greedy;66000;38787.0;0.007009923076923077
greedy;67000;37913.0;0.006920076923076923
greedy;68000;39494.0;0.007238923076923078
greedy;69000;39360.0;0.007245615384615386
greedy;7000;17175.0;0.0006320769230769231
greedy;70000;39502.0;0.007306076923076924
greedy;71000;39244.0;0.007767769230769231
greedy;72000;40371.0;0.00804176923076923
greedy;73000;40395.0;0.007936307692307694
greedy;74000;40053.0;0.008028923076923076
greedy;75000;40958.0;0.008208846153846153
greedy;76000;39998.0;0.008098538461538463
greedy;77000;40231.0;0.008165923076923078
greedy;78000;40524.0;0.00808253846153846
greedy;79000;41227.0;0.008431153846153847
greedy;8000;18231.0;0.0007211538461538461
greedy;80000;40856.0;0.008505384615384616
greedy;81000;41471.0;0.008674384615384615
greedy;82000;41017.0;0.008879923076923077
greedy;83000;41366.0;0.00861623076923077
greedy;84000;41870.0;0.008972999999999998
greedy;85000;42315.0;0.009128846153846152
greedy;86000;41364.0;0.009245769230769231
greedy;87000;42088.0;0.009139461538461539
greedy;88000;42230.0;0.009152153846153845
greedy;89000;41437.0;0.009874076923076921
greedy;9000;19077.0;0.0008421538461538462
greedy;90000;41963.0;0.009762153846153846
greedy;91000;41776.0;0.009616923076923077
greedy;92000;42102.0;0.009708923076923077
greedy;93000;42436.0;0.009683153846153845
greedy;94000;42467.0;0.009983384615384614
greedy;95000;42471.0;0.00989176923076923
greedy;96000;42479.0;0.010127076923076923
greedy;97000;42333.0;0.010371692307692307
greedy;98000;42484.0;0.010416384615384616
greedy;99000;42618.0;0.010248153846153844
dynamic_programming;1;3.0;3.3076923076923074e-06
dynamic_programming;1000;6877.0;0.0023673076923076924
dynamic_programming;10000;19811.0;0.02446938461538462
dynamic_programming;100000;43266.0;0.23645492307692306
dynamic_programming;101000;43290.0;0.22653361538461533
dynamic_programming;102000;43101.0;0.23251915384615385
dynamic_programming;103000;43235.0;0.23674992307692305
dynamic_programming;104000;42793.0;0.23870907692307697
dynamic_programming;105000;43321.0;0.24222792307692306
dynamic_programming;106000;43470.0;0.24169876923076927
dynamic_programming;107000;43029.0;0.24380769230769234
dynamic_programming;108000;43264.0;0.24469099999999996
dynamic_programming;109000;43481.0;0.24903892307692305
dynamic_programming;11000;20912.0;0.024710307692307695
dynamic_programming;110000;43541.0;0.2529393846153846
dynamic_programming;111000;43606.0;0.2531053076923077
dynamic_programming;112000;43242.0;0.2576896153846154
dynamic_programming;113000;43695.0;0.2601169230769231
dynamic_programming;114000;43163.0;0.2633217692307692
dynamic_programming;115000;44013.0;0.2651355384615385
dynamic_programming;116000;43951.0;0.2693652307692307
dynamic_programming;117000;43876.0;0.26939869230769226
dynamic_programming;118000;44435.0;0.271075076923077
dynamic_programming;119000;43802.0;0.2748663846153846
dynamic_programming;12000;21672.0;0.028351692307692303
dynamic_programming;120000;44316.0;0.2773476923076923
dynamic_programming;121000;44391.0;0.2784231538461538
dynamic_programming;122000;44244.0;0.2807060769230769
dynamic_programming;123000;43763.0;0.28671992307692307
dynamic_programming;124000;44721.0;0.2857843846153846
dynamic_programming;125000;44436.0;0.29019907692307695
dynamic_programming;126000;44508.0;0.2923812307692308
dynamic_programming;127000;44270.0;0.2921888461538461
dynamic_programming;128000;44367.0;0.2962863076923077
dynamic_programming;129000;44928.0;0.3016013846153846
dynamic_programming;13000;21597.0;0.031022923076923073
dynamic_programming;130000;44726.0;0.3005515384615385
dynamic_programming;131000;44290.0;0.30269353846153846
dynamic_programming;132000;44761.0;0.3063566153846154
dynamic_programming;133000;44674.0;0.3108623846153847
dynamic_programming;134000;44815.0;0.3095627692307692
dynamic_programming;135000;45067.0;0.3115099230769231
dynamic_programming;136000;44905.0;0.3154736153846154
dynamic_programming;137000;44872.0;0.3158221538461539
dynamic_programming;138000;45017.0;0.32143230769230774
dynamic_programming;139000;44890.0;0.3241826153846154
dynamic_programming;14000;22692.0;0.03293192307692308
dynamic_programming;140000;44922.0;0.3250934615384615
dynamic_programming;141000;45243.0;0.3292203846153846
dynamic_programming;142000;45033.0;0.33023846153846154
dynamic_programming;143000;44743.0;0.3312048461538461
dynamic_programming;144000;45286.0;0.336742
dynamic_programming;145000;45336.0;0.3357341538461539
dynamic_programming;146000;45356.0;0.33922900000000006
dynamic_programming;147000;45115.0;0.342584923076923
dynamic_programming;148000;45590.0;0.3433386153846154
dynamic_programming;149000;45601.0;0.34437238461538466
dynamic_programming;15000;23879.0;0.03469884615384615
dynamic_programming;150000;45645.0;0.34864576923076923
dynamic_programming;151000;45462.0;0.3524814615384616
dynamic_programming;152000;45335.0;0.35060969230769234
dynamic_programming;153000;45274.0;0.35515900000000006
dynamic_programming;154000;45156.0;0.35438107692307685
dynamic_programming;155000;45561.0;0.35606653846153846
dynamic_programming;156000;45606.0;0.3602799999999999
dynamic_programming;157000;45630.0;0.36336176923076924
dynamic_programming;158000;45765.0;0.36646769230769227
dynamic_programming;159000;45924.0;0.3660056923076923
dynamic_programming;16000;23981.0;0.03727676923076923
dynamic_programming;160000;45409.0;0.3692461538461539
dynamic_programming;161000;45792.0;0.372786923076923
dynamic_programming;162000;45845.0;0.37549046153846155
dynamic_programming;163000;46006.0;0.380166
dynamic_programming;164000;45789.0;0.3790236153846154
dynamic_programming;165000;45990.0;0.3841744615384615
dynamic_programming;166000;45591.0;0.38663192307692307
dynamic_programming;167000;45829.0;0.38924276923076917
dynamic_programming;168000;45911.0;0.3898111538461539
dynamic_programming;169000;46071.0;0.39297999999999994
dynamic_programming;17000;25140.0;0.03946676923076923
dynamic_programming;170000;45973.0;0.3933561538461538
dynamic_programming;171000;45933.0;0.3971863076923077
dynamic_programming;172000;45883.0;0.397606
dynamic_programming;173000;46003.0;0.4047114615384615
dynamic_programming;174000;46139.0;0.40467592307692296
dynamic_programming;175000;45870.0;0.40790799999999994
dynamic_programming;176000;46078.0;0.40970838461538467
dynamic_programming;177000;46341.0;0.4133183846153846
dynamic_programming;178000;46083.0;0.4118568461538461
dynamic_programming;179000;46043.0;0.4147279230769231
dynamic_programming;18000;24456.0;0.04152430769230769
dynamic_programming;180000;46220.0;0.4180350769230769
dynamic_programming;181000;46303.0;0.41865376923076913
dynamic_programming;182000;46228.0;0.4213038461538462
dynamic_programming;183000;46119.0;0.4261374615384615
dynamic_programming;184000;46313.0;0.42530300000000004
dynamic_programming;185000;46564.0;0.43080699999999994
dynamic_programming;186000;46643.0;0.43185907692307696
dynamic_programming;187000;46524.0;0.4354259230769231
dynamic_programming;188000;46347.0;0.4363156923076924
dynamic_programming;189000;46418.0;0.44183607692307686
dynamic_programming;19000;25753.0;0.04435423076923077
dynamic_programming;190000;46528.0;0.4408071538461539
dynamic_programming;191000;46442.0;0.4438796153846153
dynamic_programming;192000;46560.0;0.44634338461538464
dynamic_programming;193000;46259.0;0.4477362307692308
dynamic_programming;194000;46362.0;0.4529086153846154
dynamic_programming;195000;46455.0;0.4522255384615385
dynamic_programming;196000;46418.0;0.45527799999999996
dynamic_programming;197000;46315.0;0.4574013846153846
dynamic_programming;198000;46626.0;0.4585071538461538
dynamic_programming;199000;46641.0;0.4609343846153846
dynamic_programming;2000;9890.0;0.0045354615384615386
dynamic_programming;20000;26034.0;0.046381230769230765
dynamic_programming;21000;27492.0;0.04931907692307692
dynamic_programming;22000;26920.0;0.050930923076923075
dynamic_programming;23000;27385.0;0.05312523076923077
dynamic_programming;24000;27670.0;0.05565084615384615
dynamic_programming;25000;28172.0;0.058339076923076924
dynamic_programming;26000;29251.0;0.06000107692307692
dynamic_programming;27000;29411.0;0.06277615384615384
dynamic_programming;28000;29659.0;0.06430023076923078
dynamic_programming;29000;30006.0;0.06641423076923075
dynamic_programming;3000;11870.0;0.007393923076923079
dynamic_programming;30000;29623.0;0.06910592307692306
dynamic_programming;31000;30525.0;0.0718323846153846
dynamic_programming;32000;30783.0;0.07302676923076923
dynamic_programming;33000;31024.0;0.07553115384615385
dynamic_programming;34000;31926.0;0.07812284615384615
dynamic_programming;35000;30907.0;0.08047284615384614
dynamic_programming;36000;32211.0;0.08349892307692307
dynamic_programming;37000;32294.0;0.0850313846153846
dynamic_programming;38000;32434.0;0.08640723076923076
dynamic_programming;39000;32623.0;0.08920415384615385
dynamic_programming;4000;13500.0;0.009843000000000001
dynamic_programming;40000;33082.0;0.0913643076923077
dynamic_programming;41000;32986.0;0.0935066923076923
dynamic_programming;42000;33483.0;0.09626792307692307
dynamic_programming;43000;34233.0;0.09859846153846155
dynamic_programming;44000;34036.0;0.10020823076923076
dynamic_programming;45000;34772.0;0.10313076923076923
dynamic_programming;46000;33732.0;0.10430399999999998
dynamic_programming;47000;34319.0;0.10681046153846152
dynamic_programming;48000;34908.0;0.10979984615384614
dynamic_programming;49000;35260.0;0.11181453846153842
dynamic_programming;5000;14150.0;0.012199846153846153
dynamic_programming;50000;35759.0;0.11406500000000001
dynamic_programming;51000;35553.0;0.1146013846153846
dynamic_programming;52000;36163.0;0.11869353846153848
dynamic_programming;53000;36414.0;0.12243100000000001
dynamic_programming;54000;36941.0;0.12276192307692309
dynamic_programming;55000;36443.0;0.125742
dynamic_programming;56000;36137.0;0.1273116923076923
dynamic_programming;57000;37050.0;0.12855592307692307
dynamic_programming;58000;37218.0;0.13214523076923076
dynamic_programming;59000;37875.0;0.13370530769230768
dynamic_programming;6000;16488.0;0.014262538461538462
dynamic_programming;60000;38159.0;0.13680353846153845
dynamic_programming;61000;38413.0;0.139174
dynamic_programming;62000;38013.0;0.14239346153846152
dynamic_programming;63000;38260.0;0.14452692307692305
dynamic_programming;64000;38413.0;0.1450490769230769
dynamic_programming;65000;37987.0;0.1486156923076923
dynamic_programming;66000;38787.0;0.15015346153846154
dynamic_programming;67000;37913.0;0.1520403076923077
dynamic_programming;68000;39494.0;0.15575684615384616
dynamic_programming;69000;39360.0;0.1561797692307692
dynamic_programming;7000;17195.0;0.016832076923076922
dynamic_programming;70000;39502.0;0.16062538461538461
dynamic_programming;71000;39244.0;0.1625716923076923
dynamic_programming;72000;40371.0;0.1642337692307692
dynamic_programming;73000;40395.0;0.1682646923076923
dynamic_programming;74000;40053.0;0.16938153846153847
dynamic_programming;75000;40958.0;0.17248946153846154
dynamic_programming;76000;39998.0;0.17377076923076923
dynamic_programming;77000;40231.0;0.1771455384615385
dynamic_programming;78000;40524.0;0.17932407692307692
dynamic_programming;79000;41227.0;0.18185661538461537
dynamic_programming;8000;18231.0;0.018919923076923077
dynamic_programming;80000;40856.0;0.1841208461538461
dynamic_programming;81000;41471.0;0.18568646153846155
dynamic_programming;82000;41017.0;0.1880103846153846
dynamic_programming;83000;41366.0;0.19179184615384612
dynamic_programming;84000;41870.0;0.19312053846153845
dynamic_programming;85000;42315.0;0.19481730769230765
dynamic_programming;86000;41364.0;0.19654423076923078
dynamic_programming;87000;42088.0;0.19981976923076922
dynamic_programming;88000;42230.0;0.20212476923076922
dynamic_programming;89000;41437.0;0.20264961538461537
dynamic_programming;9000;19088.0;0.021126384615384613
dynamic_programming;90000;41963.0;0.20794838461538462
dynamic_programming;91000;41776.0;0.20875769230769226
dynamic_programming;92000;42102.0;0.21268507692307695
dynamic_programming;93000;42436.0;0.21212046153846156
dynamic_programming;94000;42467.0;0.21625
dynamic_programming;95000;42471.0;0.2174342307692308
dynamic_programming;96000;42479.0;0.21934323076923073
dynamic_programming;97000;42333.0;0.2245953846153846
dynamic_programming;98000;42484.0;0.22507684615384616
dynamic_programming;99000;42618.0;0.22704761538461543
branch_and_bound;1;3.0;9.230769230769232e-07
branch_and_bound;1000;2734.0;0.0010426923076923078
branch_and_bound;10000;2825.0;0.003955307692307693
branch_and_bound;100000;2322.0;0.02254484615384615
branch_and_bound;101000;3044.0;0.02849023076923077
branch_and_bound;102000;2694.0;0.023334923076923083
branch_and_bound;103000;2688.0;0.023728153846153847
branch_and_bound;104000;2734.0;0.024082769230769234
branch_and_bound;105000;2448.0;0.02435623076923077
branch_and_bound;106000;2491.0;0.024375307692307693
branch_and_bound;107000;2789.0;0.025498923076923072
branch_and_bound;108000;3277.0;0.03261130769230769
branch_and_bound;109000;3273.0;0.03065507692307692
branch_and_bound;11000;2842.0;0.004363
branch_and_bound;110000;2650.0;0.024711999999999998
branch_and_bound;111000;3004.0;0.02593130769230769
branch_and_bound;112000;2477.0;0.025322000000000004
branch_and_bound;113000;3046.0;0.02973615384615385
branch_and_bound;114000;2902.0;0.02616230769230769
branch_and_bound;115000;2791.0;0.026468846153846155
branch_and_bound;116000;3048.0;0.03324638461538462
branch_and_bound;117000;2814.0;0.02688407692307692
branch_and_bound;118000;2692.0;0.027129923076923076
branch_and_bound;119000;2448.0;0.027762461538461538
branch_and_bound;12000;2560.0;0.004370615384615384
branch_and_bound;120000;3027.0;0.029217384615384614
branch_and_bound;121000;2866.0;0.02756538461538462
branch_and_bound;122000;3234.0;0.03478953846153846
branch_and_bound;123000;2362.0;0.027824692307692307
branch_and_bound;124000;2648.0;0.028257076923076923
branch_and_bound;125000;3582.0;0.02957061538461538
branch_and_bound;126000;2585.0;0.028369769230769233
branch_and_bound;127000;2379.0;0.028616846153846156
branch_and_bound;128000;2381.0;0.028790461538461536
branch_and_bound;129000;2544.0;0.0299323076923077
branch_and_bound;13000;2776.0;0.005282384615384616
branch_and_bound;130000;2521.0;0.029486307692307697
branch_and_bound;131000;2407.0;0.02960169230769231
branch_and_bound;132000;2374.0;0.029426923076923073
branch_and_bound;133000;2477.0;0.029687
branch_and_bound;134000;2712.0;0.030176153846153846
branch_and_bound;135000;3019.0;0.03285069230769231
branch_and_bound;136000;2528.0;0.03091353846153846
branch_and_bound;137000;3010.0;0.03622961538461538
branch_and_bound;138000;2289.0;0.030611230769230766
branch_and_bound;139000;2925.0;0.03261853846153846
branch_and_bound;14000;2426.0;0.004010692307692307
branch_and_bound;140000;3306.0;0.03268153846153847
branch_and_bound;141000;2738.0;0.03209746153846154
branch_and_bound;142000;2786.0;0.03390323076923077
branch_and_bound;143000;2753.0;0.03236953846153846
branch_and_bound;144000;2547.0;0.03212238461538461
branch_and_bound;145000;2347.0;0.03228938461538462
branch_and_bound;146000;2814.0;0.032774923076923076
branch_and_bound;147000;3503.0;0.04056830769230769
branch_and_bound;148000;2358.0;0.032907
branch_and_bound;149000;2751.0;0.033579
branch_and_bound;15000;2197.0;0.0043704615384615375
branch_and_bound;150000;2908.0;0.03546115384615385
branch_and_bound;151000;2792.0;0.03432584615384616
branch_and_bound;152000;2866.0;0.03443
branch_and_bound;153000;3080.0;0.035438769230769225
branch_and_bound;154000;2694.0;0.034520307692307683
branch_and_bound;155000;2935.0;0.03741592307692308
branch_and_bound;156000;2958.0;0.03505992307692308
branch_and_bound;157000;2338.0;0.03540930769230769
branch_and_bound;158000;2667.0;0.03608053846153846
branch_and_bound;159000;2697.0;0.035605000000000005
branch_and_bound;16000;2984.0;0.0046678461538461535
branch_and_bound;160000;3090.0;0.03693723076923077
branch_and_bound;161000;2432.0;0.03579138461538461
branch_and_bound;162000;2704.0;0.03639053846153847
branch_and_bound;163000;3177.0;0.04093592307692308
branch_and_bound;164000;2768.0;0.03645584615384615
branch_and_bound;165000;2865.0;0.037587
branch_and_bound;166000;2526.0;0.037050692307692305
branch_and_bound;167000;2340.0;0.03693784615384616
branch_and_bound;168000;2816.0;0.037535307692307694
branch_and_bound;169000;2579.0;0.03692684615384616
branch_and_bound;17000;2611.0;0.00495323076923077
branch_and_bound;170000;2997.0;0.037522384615384624
branch_and_bound;171000;2716.0;0.03754538461538461
branch_and_bound;172000;3072.0;0.03903684615384616
branch_and_bound;173000;2664.0;0.03839676923076923
branch_and_bound;174000;2430.0;0.03857507692307693
branch_and_bound;175000;2613.0;0.03832538461538461
branch_and_bound;176000;2453.0;0.03909423076923076
branch_and_bound;177000;2962.0;0.040112923076923074
branch_and_bound;178000;3162.0;0.043984153846153846
branch_and_bound;179000;2423.0;0.039340230769230766
branch_and_bound;18000;2253.0;0.004775153846153846
branch_and_bound;180000;2348.0;0.039294076923076925
branch_and_bound;181000;2600.0;0.04018861538461538
branch_and_bound;182000;2554.0;0.03934138461538462
branch_and_bound;183000;2621.0;0.04045561538461539
branch_and_bound;184000;2858.0;0.04079746153846154
branch_and_bound;185000;3137.0;0.04769423076923077
branch_and_bound;186000;2485.0;0.040664153846153836
branch_and_bound;187000;3338.0;0.04244523076923076
branch_and_bound;188000;2488.0;0.041517769230769226
branch_and_bound;189000;2508.0;0.04144623076923077
branch_and_bound;19000;2929.0;0.004994461538461539
branch_and_bound;190000;2750.0;0.04298023076923077
branch_and_bound;191000;2515.0;0.0416143076923077
branch_and_bound;192000;3199.0;0.04247984615384615
branch_and_bound;193000;2925.0;0.04498646153846153
branch_and_bound;194000;2489.0;0.04274830769230769
branch_and_bound;195000;2926.0;0.04267253846153846
branch_and_bound;196000;2386.0;0.04252969230769232
branch_and_bound;197000;2595.0;0.04354007692307692
branch_and_bound;198000;2954.0;0.04553907692307693
branch_and_bound;199000;2337.0;0.042945538461538466
branch_and_bound;2000;2350.0;0.0011026923076923076
branch_and_bound;20000;2695.0;0.005312923076923077
branch_and_bound;21000;2846.0;0.00639046153846154
branch_and_bound;22000;2555.0;0.005633307692307693
branch_and_bound;23000;3076.0;0.007093307692307692
branch_and_bound;24000;2539.0;0.006449076923076923
branch_and_bound;25000;2483.0;0.006609538461538462
branch_and_bound;26000;3066.0;0.008173769230769231
branch_and_bound;27000;2436.0;0.007297230769230769
branch_and_bound;28000;2719.0;0.0077306153846153835
branch_and_bound;29000;2481.0;0.00763223076923077
branch_and_bound;3000;2638.0;0.002853538461538462
branch_and_bound;30000;2804.0;0.008614615384615384
branch_and_bound;31000;2929.0;0.008711846153846153
branch_and_bound;32000;2236.0;0.007562000000000001
branch_and_bound;33000;2754.0;0.008330384615384616
branch_and_bound;34000;2285.0;0.008290923076923078
branch_and_bound;35000;2455.0;0.008879076923076924
branch_and_bound;36000;2354.0;0.009219000000000001
branch_and_bound;37000;2234.0;0.00955223076923077
branch_and_bound;38000;2602.0;0.00993276923076923
branch_and_bound;39000;3192.0;0.01214746153846154
branch_and_bound;4000;2384.0;0.0024072307692307696
branch_and_bound;40000;2410.0;0.010556923076923077
branch_and_bound;41000;2545.0;0.010282538461538461
branch_and_bound;42000;2400.0;0.010708000000000002
branch_and_bound;43000;2827.0;0.011101000000000001
branch_and_bound;44000;2789.0;0.011443153846153846
branch_and_bound;45000;2212.0;0.011609461538461539
branch_and_bound;46000;2265.0;0.011419461538461542
branch_and_bound;47000;3184.0;0.013858076923076921
branch_and_bound;48000;2712.0;0.01199923076923077
branch_and_bound;49000;2415.0;0.012087000000000002
branch_and_bound;5000;2407.0;0.002221307692307692
branch_and_bound;50000;3021.0;0.01547476923076923
branch_and_bound;51000;2506.0;0.012739307692307696
branch_and_bound;52000;2426.0;0.012832307692307691
branch_and_bound;53000;2417.0;0.013382615384615383
branch_and_bound;54000;2476.0;0.013400384615384616
branch_and_bound;55000;2330.0;0.013435692307692306
branch_and_bound;56000;2570.0;0.013641384615384614
branch_and_bound;57000;2731.0;0.014145384615384617
branch_and_bound;58000;2308.0;0.014032538461538461
branch_and_bound;59000;2847.0;0.014960076923076925
branch_and_bound;6000;2627.0;0.002377307692307692
branch_and_bound;60000;3190.0;0.014494769230769231
branch_and_bound;61000;2313.0;0.014567461538461538
branch_and_bound;62000;2838.0;0.015768
branch_and_bound;63000;3259.0;0.017469615384615386
branch_and_bound;64000;2638.0;0.015628
branch_and_bound;65000;2653.0;0.01633969230769231
branch_and_bound;66000;2520.0;0.015781307692307695
branch_and_bound;67000;2357.0;0.016332846153846156
branch_and_bound;68000;2785.0;0.017006307692307692
branch_and_bound;69000;2325.0;0.017000999999999995
branch_and_bound;7000;3101.0;0.002769384615384615
branch_and_bound;70000;3024.0;0.018792076923076925
branch_and_bound;71000;2283.0;0.017644307692307692
branch_and_bound;72000;3232.0;0.018544
branch_and_bound;73000;2394.0;0.017282846153846152
branch_and_bound;74000;3408.0;0.01865330769230769
branch_and_bound;75000;2352.0;0.01794069230769231
branch_and_bound;76000;2391.0;0.018649846153846152
branch_and_bound;77000;3207.0;0.019053
branch_and_bound;78000;2924.0;0.019234461538461537
branch_and_bound;79000;2445.0;0.018880307692307693
branch_and_bound;8000;2522.0;0.002939615384615385
branch_and_bound;80000;3256.0;0.020671076923076924
branch_and_bound;81000;2390.0;0.01894353846153846
branch_and_bound;82000;2652.0;0.01981569230769231
branch_and_bound;83000;2829.0;0.020364538461538458
branch_and_bound;84000;2963.0;0.020643230769230768
branch_and_bound;85000;2516.0;0.02039492307692308
branch_and_bound;86000;2808.0;0.020618307692307693
branch_and_bound;87000;2532.0;0.02070676923076923
branch_and_bound;88000;2921.0;0.02109546153846154
branch_and_bound;89000;3203.0;0.02174446153846154
branch_and_bound;9000;2313.0;0.004118769230769231
branch_and_bound;90000;2549.0;0.02021553846153846
branch_and_bound;91000;2501.0;0.021449923076923078
branch_and_bound;92000;2853.0;0.022004461538461542
branch_and_bound;93000;2934.0;0.02157592307692308
branch_and_bound;94000;2835.0;0.022366384615384618
branch_and_bound;95000;2850.0;0.022944846153846152
branch_and_bound;96000;3195.0;0.023243076923076922
branch_and_bound;97000;2703.0;0.022345923076923076
branch_and_bound;98000;2530.0;0.02304692307692308
branch_and_bound;99000;2698.0;0.023355538461538466
backtracking;1;3;0.000005
